monolith_controller_base,top_segment,suggested_target_service,suggestion_type,suggested_kong_match_prefix,suggested_upstream_path_prefix
/api/v1/admin/requests,admin,admin-service,kong_alias_route,/api/v1/admin,/admin
/api/v1/admin/settings,admin,admin-service,kong_alias_route,/api/v1/admin,/admin
/api/v1/admin/users,admin,admin-service,kong_alias_route,/api/v1/admin,/admin
/api/v1/caregiver/tasks,caregiver,caregiver-service,kong_alias_route,/api/v1/caregiver,/api/v1/caregivers
/api/v1/internal/caregivers,internal,(unknown),needs_implementation_or_manual_mapping,,
/api/v1/patient/visits,patient,visit-service,kong_alias_route,/api/v1/patient/visits,/api/v1/visits
/api/v1/admin,admin,admin-service,kong_alias_route,/api/v1/admin,/admin
/api/v1/admin/activities,admin,admin-service,kong_alias_route,/api/v1/admin,/admin
/api/v1/admin/activity-log,admin,admin-service,kong_alias_route,/api/v1/admin,/admin
/api/v1/admin/agencies,admin,admin-service,kong_alias_route,/api/v1/admin,/admin
/api/v1/admin/ai-matching/batch,admin,admin-service,kong_alias_route,/api/v1/admin,/admin
/api/v1/admin/ai-matching/override,admin,admin-service,kong_alias_route,/api/v1/admin,/admin
/api/v1/admin/ai-matching/quality,admin,admin-service,kong_alias_route,/api/v1/admin,/admin
/api/v1/admin/approval,admin,admin-service,kong_alias_route,/api/v1/admin,/admin
/api/v1/admin/audit,admin,admin-service,kong_alias_route,/api/v1/admin,/admin
/api/v1/admin/auth,admin,admin-service,kong_alias_route,/api/v1/admin,/admin
/api/v1/admin/care-plans,admin,admin-service,kong_alias_route,/api/v1/admin,/admin
/api/v1/admin/caregivers/approval,admin,admin-service,kong_alias_route,/api/v1/admin,/admin
/api/v1/admin/caregivers/monitoring,admin,admin-service,kong_alias_route,/api/v1/admin,/admin
/api/v1/admin/caregivers/verification,admin,admin-service,kong_alias_route,/api/v1/admin,/admin
/api/v1/admin/compliance,admin,admin-service,kong_alias_route,/api/v1/admin,/admin
/api/v1/admin/dashboard,admin,admin-service,kong_alias_route,/api/v1/admin,/admin
/api/v1/admin/documents,admin,admin-service,kong_alias_route,/api/v1/admin,/admin
/api/v1/admin/documents/review,admin,admin-service,kong_alias_route,/api/v1/admin,/admin
/api/v1/admin/email,admin,admin-service,kong_alias_route,/api/v1/admin,/admin
/api/v1/admin/insights,admin,admin-service,kong_alias_route,/api/v1/admin,/admin
/api/v1/admin/launch,admin,admin-service,kong_alias_route,/api/v1/admin,/admin
/api/v1/admin/metrics,admin,admin-service,kong_alias_route,/api/v1/admin,/admin
/api/v1/admin/outbox,admin,admin-service,kong_alias_route,/api/v1/admin,/admin
/api/v1/admin/pam,admin,admin-service,kong_alias_route,/api/v1/admin,/admin
/api/v1/admin/phase2-rollback,admin,admin-service,kong_alias_route,/api/v1/admin,/admin
/api/v1/admin/phase2-rollout,admin,admin-service,kong_alias_route,/api/v1/admin,/admin
/api/v1/admin/pilot-program,admin,admin-service,kong_alias_route,/api/v1/admin,/admin
/api/v1/admin/providers/analytics,admin,admin-service,kong_alias_route,/api/v1/admin,/admin
/api/v1/admin/roles,admin,admin-service,kong_alias_route,/api/v1/admin,/admin
/api/v1/admin/settings,admin,admin-service,kong_alias_route,/api/v1/admin,/admin
/api/v1/admin/users,admin,admin-service,kong_alias_route,/api/v1/admin,/admin
/api/v1/admin/verification,admin,admin-service,kong_alias_route,/api/v1/admin,/admin
/api/v1/admin/verification/enhanced,admin,admin-service,kong_alias_route,/api/v1/admin,/admin
/api/v1/agency,agency,agency-service,kong_alias_route,/api/v1/agency,/api/v1/agencies
/api/v1/agency-matching,agency-matching,(unknown),needs_implementation_or_manual_mapping,,
/api/v1/agency/:agencyId/training/assignments,agency,agency-service,kong_alias_route,/api/v1/agency,/api/v1/agencies
/api/v1/agency/admin,agency,agency-service,kong_alias_route,/api/v1/agency,/api/v1/agencies
/api/v1/agency/adoption,agency,agency-service,kong_alias_route,/api/v1/agency,/api/v1/agencies
/api/v1/agency/ai,agency,agency-service,kong_alias_route,/api/v1/agency,/api/v1/agencies
/api/v1/agency/analytics,agency,agency-service,kong_alias_route,/api/v1/agency,/api/v1/agencies
/api/v1/agency/analytics/reports,agency,agency-service,kong_alias_route,/api/v1/agency,/api/v1/agencies
/api/v1/agency/announcements,agency,agency-service,kong_alias_route,/api/v1/agency,/api/v1/agencies
/api/v1/agency/billing,agency,agency-service,kong_alias_route,/api/v1/agency,/api/v1/agencies
/api/v1/agency/branding,agency,agency-service,kong_alias_route,/api/v1/agency,/api/v1/agencies
/api/v1/agency/care-plans,agency,agency-service,kong_alias_route,/api/v1/agency,/api/v1/agencies
/api/v1/agency/care-requests,agency,agency-service,kong_alias_route,/api/v1/agency,/api/v1/agencies
/api/v1/agency/caregivers,agency,agency-service,kong_alias_route,/api/v1/agency,/api/v1/agencies
/api/v1/agency/compliance,agency,agency-service,kong_alias_route,/api/v1/agency,/api/v1/agencies
/api/v1/agency/compliance/automation,agency,agency-service,kong_alias_route,/api/v1/agency,/api/v1/agencies
/api/v1/agency/compliance/reporting,agency,agency-service,kong_alias_route,/api/v1/agency,/api/v1/agencies
/api/v1/agency/cost,agency,agency-service,kong_alias_route,/api/v1/agency,/api/v1/agencies
/api/v1/agency/dashboard,agency,agency-service,kong_alias_route,/api/v1/agency,/api/v1/agencies
/api/v1/agency/document-hub,agency,agency-service,kong_alias_route,/api/v1/agency,/api/v1/agencies
/api/v1/agency/documents,agency,agency-service,kong_alias_route,/api/v1/agency,/api/v1/agencies
/api/v1/agency/emergency,agency,agency-service,kong_alias_route,/api/v1/agency,/api/v1/agencies
/api/v1/agency/fairness,agency,agency-service,kong_alias_route,/api/v1/agency,/api/v1/agencies
/api/v1/agency/gamification,agency,agency-service,kong_alias_route,/api/v1/agency,/api/v1/agencies
/api/v1/agency/incidents,agency,agency-service,kong_alias_route,/api/v1/agency,/api/v1/agencies
/api/v1/agency/integrations,agency,agency-service,kong_alias_route,/api/v1/agency,/api/v1/agencies
/api/v1/agency/iot,agency,agency-service,kong_alias_route,/api/v1/agency,/api/v1/agencies
/api/v1/agency/job-board,agency,agency-service,kong_alias_route,/api/v1/agency,/api/v1/agencies
/api/v1/agency/labor-compliance,agency,agency-service,kong_alias_route,/api/v1/agency,/api/v1/agencies
/api/v1/agency/labor-rules,agency,agency-service,kong_alias_route,/api/v1/agency,/api/v1/agencies
/api/v1/agency/launch,agency,agency-service,kong_alias_route,/api/v1/agency,/api/v1/agencies
/api/v1/agency/matching,agency,agency-service,kong_alias_route,/api/v1/agency,/api/v1/agencies
/api/v1/agency/matching/tuning,agency,agency-service,kong_alias_route,/api/v1/agency,/api/v1/agencies
/api/v1/agency/messaging,agency,agency-service,kong_alias_route,/api/v1/agency,/api/v1/agencies
/api/v1/agency/notifications,agency,agency-service,kong_alias_route,/api/v1/agency,/api/v1/agencies
/api/v1/agency/onboarding,agency,agency-service,kong_alias_route,/api/v1/agency,/api/v1/agencies
/api/v1/agency/overtime,agency,agency-service,kong_alias_route,/api/v1/agency,/api/v1/agencies
/api/v1/agency/partners,agency,agency-service,kong_alias_route,/api/v1/agency,/api/v1/agencies
/api/v1/agency/partners/webhooks,agency,agency-service,kong_alias_route,/api/v1/agency,/api/v1/agencies
/api/v1/agency/patients,agency,agency-service,kong_alias_route,/api/v1/agency,/api/v1/agencies
/api/v1/agency/payroll,agency,agency-service,kong_alias_route,/api/v1/agency,/api/v1/agencies
/api/v1/agency/preferences,agency,agency-service,kong_alias_route,/api/v1/agency,/api/v1/agencies
/api/v1/agency/qa,agency,agency-service,kong_alias_route,/api/v1/agency,/api/v1/agencies
/api/v1/agency/recruitment/analytics,agency,agency-service,kong_alias_route,/api/v1/agency,/api/v1/agencies
/api/v1/agency/recruitment/interviews,agency,agency-service,kong_alias_route,/api/v1/agency,/api/v1/agencies
/api/v1/agency/recruitment/onboarding,agency,agency-service,kong_alias_route,/api/v1/agency,/api/v1/agencies
/api/v1/agency/recruitment/referral-program,agency,agency-service,kong_alias_route,/api/v1/agency,/api/v1/agencies
/api/v1/agency/residences,agency,agency-service,kong_alias_route,/api/v1/agency,/api/v1/agencies
/api/v1/agency/residences/:residenceId,agency,agency-service,kong_alias_route,/api/v1/agency,/api/v1/agencies
/api/v1/agency/residences/:residenceId/intake,agency,agency-service,kong_alias_route,/api/v1/agency,/api/v1/agencies
/api/v1/agency/residences/:residenceId/residents,agency,agency-service,kong_alias_route,/api/v1/agency,/api/v1/agencies
/api/v1/agency/roi,agency,agency-service,kong_alias_route,/api/v1/agency,/api/v1/agencies
/api/v1/agency/rules,agency,agency-service,kong_alias_route,/api/v1/agency,/api/v1/agencies
/api/v1/agency/scheduling,agency,agency-service,kong_alias_route,/api/v1/agency,/api/v1/agencies
/api/v1/agency/scheduling/optimization,agency,agency-service,kong_alias_route,/api/v1/agency,/api/v1/agencies
/api/v1/agency/scheduling/swaps,agency,agency-service,kong_alias_route,/api/v1/agency,/api/v1/agencies
/api/v1/agency/settings,agency,agency-service,kong_alias_route,/api/v1/agency,/api/v1/agencies
/api/v1/agency/sso,agency,agency-service,kong_alias_route,/api/v1/agency,/api/v1/agencies
/api/v1/agency/support,agency,agency-service,kong_alias_route,/api/v1/agency,/api/v1/agencies
/api/v1/agency/training,agency,agency-service,kong_alias_route,/api/v1/agency,/api/v1/agencies
/api/v1/agency/uploads,agency,agency-service,kong_alias_route,/api/v1/agency,/api/v1/agencies
/api/v1/agency/verification,agency,agency-service,kong_alias_route,/api/v1/agency,/api/v1/agencies
/api/v1/agency/warehouse/exports,agency,agency-service,kong_alias_route,/api/v1/agency,/api/v1/agencies
/api/v1/agency/wellness-insights,agency,agency-service,kong_alias_route,/api/v1/agency,/api/v1/agencies
/api/v1/ai-matching/diagnostic,ai-matching,matching-service,kong_alias_route,/api/v1/ai-matching,/api/v1/matching
/api/v1/ai-matching/explanations,ai-matching,matching-service,kong_alias_route,/api/v1/ai-matching,/api/v1/matching
/api/v1/ai-matching/health,ai-matching,matching-service,kong_alias_route,/api/v1/ai-matching,/api/v1/matching
/api/v1/ai-matching/performance,ai-matching,matching-service,kong_alias_route,/api/v1/ai-matching,/api/v1/matching
/api/v1/ai-matching/profile-tiers,ai-matching,matching-service,kong_alias_route,/api/v1/ai-matching,/api/v1/matching
/api/v1/ai-matching/progressive,ai-matching,matching-service,kong_alias_route,/api/v1/ai-matching,/api/v1/matching
/api/mobile/v1/care-plans,api,(unknown),needs_implementation_or_manual_mapping,,
/api/v1,api,(unknown),needs_implementation_or_manual_mapping,,
/api/v1/achievements,achievements,(unknown),needs_implementation_or_manual_mapping,,
/api/v1/advanced,advanced,(unknown),needs_implementation_or_manual_mapping,,
/api/v1/config,config,(unknown),needs_implementation_or_manual_mapping,,
/api/v1/ereferrals/ontario,ereferrals,(unknown),needs_implementation_or_manual_mapping,,
/api/v1/experimental,experimental,(unknown),needs_implementation_or_manual_mapping,,
/api/v1/feature-disclosure,feature-disclosure,(unknown),needs_implementation_or_manual_mapping,,
/api/v1/monitoring,monitoring,(unknown),needs_implementation_or_manual_mapping,,
/api/v1/privacy,privacy,audit-service,kong_alias_route,/api/v1/privacy,/api/v1/compliance
/api/v1/recognition,recognition,(unknown),needs_implementation_or_manual_mapping,,
/api/v1/security,security,security-monitoring-service,kong_alias_route,/api/v1/security,/api/v1/security-monitoring
/api/v1/smart-defaults,smart-defaults,(unknown),needs_implementation_or_manual_mapping,,
/api/v1/spotlight,spotlight,(unknown),needs_implementation_or_manual_mapping,,
/api/v2,api,(unknown),needs_implementation_or_manual_mapping,,
/api/v2/auth,auth,auth-service,kong_route_add,/api/v1/auth,/api/v1/auth
/api/v2/cultural-preferences,cultural-preferences,(unknown),needs_implementation_or_manual_mapping,,
/api/v3/caregivers/me/visits/personal,caregivers,(unknown),needs_implementation_or_manual_mapping,,
/api/v1/approval,approval,(unknown),needs_implementation_or_manual_mapping,,
/api/v1/bff,bff,(unknown),needs_implementation_or_manual_mapping,,
/api/v1/bff/care-requests,bff,(unknown),needs_implementation_or_manual_mapping,,
/api/v1/calendar-integration,calendar-integration,(unknown),needs_implementation_or_manual_mapping,,
/api/v1/care-request-router,care-request-router,(unknown),needs_implementation_or_manual_mapping,,
/api/v1/care-transitions,care-transitions,(unknown),needs_implementation_or_manual_mapping,,
/api/v1/caregiver/:id/feedback,caregiver,caregiver-service,kong_alias_route,/api/v1/caregiver,/api/v1/caregivers
/api/v1/caregiver/affiliated,caregiver,caregiver-service,kong_alias_route,/api/v1/caregiver,/api/v1/caregivers
/api/v1/caregiver/agency,caregiver,caregiver-service,kong_alias_route,/api/v1/caregiver,/api/v1/caregivers
/api/v1/caregiver/availability,caregiver,caregiver-service,kong_alias_route,/api/v1/caregiver,/api/v1/caregivers
/api/v1/caregiver/calendar,caregiver,caregiver-service,kong_alias_route,/api/v1/caregiver,/api/v1/caregivers
/api/v1/caregiver/certifications,caregiver,caregiver-service,kong_alias_route,/api/v1/caregiver,/api/v1/caregivers
/api/v1/caregiver/expenses,caregiver,caregiver-service,kong_alias_route,/api/v1/caregiver,/api/v1/caregivers
/api/v1/caregiver/feedback,caregiver,caregiver-service,kong_alias_route,/api/v1/caregiver,/api/v1/caregivers
/api/v1/caregiver/interviews,caregiver,caregiver-service,kong_alias_route,/api/v1/caregiver,/api/v1/caregivers
/api/v1/caregiver/invoices,caregiver,caregiver-service,kong_alias_route,/api/v1/caregiver,/api/v1/caregivers
/api/v1/caregiver/job-opportunities,caregiver,caregiver-service,kong_alias_route,/api/v1/caregiver,/api/v1/caregivers
/api/v1/caregiver/messages,caregiver,caregiver-service,kong_alias_route,/api/v1/caregiver,/api/v1/caregivers
/api/v1/caregiver/payments,caregiver,caregiver-service,kong_alias_route,/api/v1/caregiver,/api/v1/caregivers
/api/v1/caregiver/recipients,caregiver,caregiver-service,kong_alias_route,/api/v1/caregiver,/api/v1/caregivers
/api/v1/caregiver/referrals,caregiver,caregiver-service,kong_alias_route,/api/v1/caregiver,/api/v1/caregivers
/api/v1/caregiver/residential,caregiver,caregiver-service,kong_alias_route,/api/v1/caregiver,/api/v1/caregivers
/api/v1/caregiver/schedule,caregiver,caregiver-service,kong_alias_route,/api/v1/caregiver,/api/v1/caregivers
/api/v1/caregiver/settings,caregiver,caregiver-service,kong_alias_route,/api/v1/caregiver,/api/v1/caregivers
/api/v1/clock-in-out,clock-in-out,(unknown),needs_implementation_or_manual_mapping,,
/api/v1/coffeemeets,coffeemeets,(unknown),needs_implementation_or_manual_mapping,,
/api/v1/community/forums,community,(unknown),needs_implementation_or_manual_mapping,,
/api/v1/coverage,coverage,(unknown),needs_implementation_or_manual_mapping,,
/api/v1/delegation,delegation,(unknown),needs_implementation_or_manual_mapping,,
/api/v1/evv-configurations,evv-configurations,(unknown),needs_implementation_or_manual_mapping,,
/api/v1/fairness-dashboard,fairness-dashboard,(unknown),needs_implementation_or_manual_mapping,,
/api/v1/fairness-metrics,fairness-metrics,(unknown),needs_implementation_or_manual_mapping,,
/api/v1/fraud,fraud,(unknown),needs_implementation_or_manual_mapping,,
/api/v1/guardian/portal,guardian,(unknown),needs_implementation_or_manual_mapping,,
/api/v1/health,health,"communication-service,file-service,matching-service,notification-service,reports-service,residential-service,search-service",kong_route_add,/api/v1/health,/api/v1/health
/api/v1/health/database,health,(unknown),needs_implementation_or_manual_mapping,,
/api/v1/internal,internal,(unknown),needs_implementation_or_manual_mapping,,
/api/v1/internal/care-requests,internal,(unknown),needs_implementation_or_manual_mapping,,
/api/v1/internal/caregivers,internal,(unknown),needs_implementation_or_manual_mapping,,
/api/v1/internal/something,internal,(unknown),needs_implementation_or_manual_mapping,,
/api/v1/mentors,mentors,(unknown),needs_implementation_or_manual_mapping,,
/api/v1/metrics,metrics,"admin-analytics-service,admin-service,analytics-service,care-network-service,care-plan-service,communication-service,contract-service,feedback-service,fraud-detection-service,matching-service,mentorship-service,moderation-service,notification-service,payment-service,provincial-service,security-monitoring-service,training-service,visit-service",kong_route_add,/api/v1/metrics,/api/v1/metrics
/api/v1/migrations,migrations,(unknown),needs_implementation_or_manual_mapping,,
/api/v1/monitoring,monitoring,(unknown),needs_implementation_or_manual_mapping,,
/api/v1/networking,networking,communication-service,kong_alias_route,/api/v1/networking,/api/v1/communication
/api/v1/networking/groups,networking,communication-service,kong_alias_route,/api/v1/networking,/api/v1/communication
/api/v1/networking/messages,networking,communication-service,kong_alias_route,/api/v1/networking,/api/v1/communication
/api/v1/operations-center,operations-center,(unknown),needs_implementation_or_manual_mapping,,
/api/v1/password,password,auth-service,kong_route_add,/api/v1/password,/api/v1/password
/api/v1/patient,patient,patient-service,kong_alias_route,/api/v1/patient,/api/v1/patients
/api/v1/patient/care-requests,patient,patient-service,kong_alias_route,/api/v1/patient,/api/v1/patients
/api/v1/patient/feedback,patient,patient-service,kong_alias_route,/api/v1/patient,/api/v1/patients
/api/v1/patient/messages,patient,patient-service,kong_alias_route,/api/v1/patient,/api/v1/patients
/api/v1/patient/settings,patient,patient-service,kong_alias_route,/api/v1/patient,/api/v1/patients
/api/v1/patient/visits,patient,visit-service,kong_alias_route,/api/v1/patient/visits,/api/v1/visits
/api/v1/patient/visits/:visitId/feedback,patient,visit-service,kong_alias_route,/api/v1/patient/visits,/api/v1/visits
/api/v1/places,places,(unknown),needs_implementation_or_manual_mapping,,
/api/v1/privacy,privacy,audit-service,kong_alias_route,/api/v1/privacy,/api/v1/compliance
/api/v1/protected,protected,(unknown),needs_implementation_or_manual_mapping,,
/api/v1/public,public,(unknown),needs_implementation_or_manual_mapping,,
/api/v1/public/contracts,public,(unknown),needs_implementation_or_manual_mapping,,
/api/v1/public/launch,public,(unknown),needs_implementation_or_manual_mapping,,
/api/v1/public/referrals,public,(unknown),needs_implementation_or_manual_mapping,,
/api/v1/public/ws,public,(unknown),needs_implementation_or_manual_mapping,,
/api/v1/registration/patient/sessions,registration,(unknown),needs_implementation_or_manual_mapping,,
/api/v1/reports,reports,analytics-service,kong_route_add,/api/v1/reports,/api/v1/reports
/api/v1/residential/intake,residential,residential-service,kong_alias_route,/api/v1/residential,/api/v1/residences
/api/v1/residential/money-counts,residential,residential-service,kong_alias_route,/api/v1/residential,/api/v1/residences
/api/v1/residential/orientation,residential,residential-service,kong_alias_route,/api/v1/residential,/api/v1/residences
/api/v1/residential/serious-occurrences,residential,residential-service,kong_alias_route,/api/v1/residential,/api/v1/residences
/api/v1/residential/training-hub,residential,residential-service,kong_alias_route,/api/v1/residential,/api/v1/residences
/api/v1/residential/ws-health,residential,residential-service,kong_alias_route,/api/v1/residential,/api/v1/residences
/api/v1/routes,routes,(unknown),needs_implementation_or_manual_mapping,,
/api/v1/schedule,schedule,(unknown),needs_implementation_or_manual_mapping,,
/api/v1/security,security,security-monitoring-service,kong_alias_route,/api/v1/security,/api/v1/security-monitoring
/api/v1/session,session,(unknown),needs_implementation_or_manual_mapping,,
/api/v1/shadow-analytics,shadow-analytics,(unknown),needs_implementation_or_manual_mapping,,
/api/v1/shift-handoffs,shift-handoffs,(unknown),needs_implementation_or_manual_mapping,,
/api/v1/support,support,agency-service,kong_alias_route,/api/v1/support,/api/v1/support-tickets
/api/v1/support/help-center,support,agency-service,kong_alias_route,/api/v1/support,/api/v1/support-tickets
/api/v1/system,system,(unknown),needs_implementation_or_manual_mapping,,
/api/v1/tasks,tasks,residential-service,kong_route_add,/api/v1/tasks,/api/v1/tasks
/api/v1/timesheets,timesheets,(unknown),needs_implementation_or_manual_mapping,,
/api/v1/ui,ui,(unknown),needs_implementation_or_manual_mapping,,
/api/v1/uploads,uploads,(unknown),needs_implementation_or_manual_mapping,,
